,0
station,object
latitude,float64
longitude,float64
elevation,float64
year,int64
month,int64
ACMH,float64
ACSH,float64
ADPT,float64
ASLP,float64
ASTP,float64
AWBT,float64
AWDR,float64
AWND,float64
DAEV,float64
DAPR,int64
DASF,float64
DAWM,float64
DWPR,int64
EVAP,float64
FMTM,float64
FRGT,float64
MDEV,float64
MDPR,int64
MDSF,float64
MDWM,float64
MNPN,float64
MXPN,float64
PGTM,float64
PRCP,int64
PSUN,float64
RHAV,float64
RHMN,float64
RHMX,float64
SNOW,float64
SNWD,float64
TMAX,float64
TMIN,float64
TOBS,float64
TSUN,float64
WDF1,float64
WDF2,float64
WDF5,float64
WDFG,float64
WDFM,float64
WDMV,float64
WESD,float64
WESF,float64
WSF1,float64
WSF2,float64
WSF5,float64
WSFG,float64
WSFI,float64
WSFM,float64
target,uint8
