,0
station,0
latitude,0
longitude,0
elevation,0
year,0
month,0
ACMH,148677
ACSH,148271
ADPT,148326
ASLP,148326
ASTP,148326
AWBT,148326
AWDR,149428
AWND,144291
DAEV,148721
DAPR,0
DASF,149606
DAWM,148875
DWPR,0
EVAP,143988
FMTM,147723
FRGT,149723
MDEV,148721
MDPR,0
MDSF,149583
MDWM,148875
MNPN,146764
MXPN,146765
PGTM,144000
PRCP,0
PSUN,149346
RHAV,148325
RHMN,148325
RHMX,148325
SNOW,50224
SNWD,65092
TMAX,44227
TMIN,44391
TOBS,92374
TSUN,148507
WDF1,149376
WDF2,145470
WDF5,145488
WDFG,146683
WDFM,149157
WDMV,144327
WESD,146980
WESF,149042
WSF1,149374
WSF2,145470
WSF5,145488
WSFG,146454
WSFI,149433
WSFM,149157
target,0
